,Name,Cluster
0,Image_Data/ZAsaa1YOBks/ZAsaa1YOBks_34.png,2
1,Image_Data/ZAsaa1YOBks/ZAsaa1YOBks_157.png,4
2,Image_Data/ZAsaa1YOBks/ZAsaa1YOBks_124.png,2
3,Image_Data/ZAsaa1YOBks/ZAsaa1YOBks_28.png,2
4,Image_Data/ZAsaa1YOBks/ZAsaa1YOBks_29.png,4
5,Image_Data/ZAsaa1YOBks/ZAsaa1YOBks_190.png,2
6,Image_Data/ZAsaa1YOBks/ZAsaa1YOBks_141.png,2
7,Image_Data/ZAsaa1YOBks/ZAsaa1YOBks_146.png,2
8,Image_Data/ZAsaa1YOBks/ZAsaa1YOBks_99.png,2
9,Image_Data/ZAsaa1YOBks/ZAsaa1YOBks_140.png,2
10,Image_Data/ZAsaa1YOBks/ZAsaa1YOBks_159.png,1
11,Image_Data/ZAsaa1YOBks/ZAsaa1YOBks_151.png,3
12,Image_Data/ZAsaa1YOBks/ZAsaa1YOBks_6.png,3
13,Image_Data/ZAsaa1YOBks/ZAsaa1YOBks_174.png,2
14,Image_Data/ZAsaa1YOBks/ZAsaa1YOBks_112.png,2
15,Image_Data/ZAsaa1YOBks/ZAsaa1YOBks_7.png,4
16,Image_Data/ZAsaa1YOBks/ZAsaa1YOBks_69.png,3
17,Image_Data/ZAsaa1YOBks/ZAsaa1YOBks_105.png,2
18,Image_Data/ZAsaa1YOBks/ZAsaa1YOBks_1.png,3
19,Image_Data/ZAsaa1YOBks/ZAsaa1YOBks_117.png,4
20,Image_Data/ZAsaa1YOBks/ZAsaa1YOBks_8.png,2
21,Image_Data/ZAsaa1YOBks/ZAsaa1YOBks_162.png,2
22,Image_Data/ZAsaa1YOBks/ZAsaa1YOBks_161.png,2
23,Image_Data/ZAsaa1YOBks/ZAsaa1YOBks_149.png,2
24,Image_Data/ZAsaa1YOBks/ZAsaa1YOBks_94.png,3
25,Image_Data/ZAsaa1YOBks/ZAsaa1YOBks_121.png,2
26,Image_Data/ZAsaa1YOBks/ZAsaa1YOBks_122.png,2
27,Image_Data/ZAsaa1YOBks/ZAsaa1YOBks_17.png,1
28,Image_Data/ZAsaa1YOBks/ZAsaa1YOBks_51.png,2
29,Image_Data/ZAsaa1YOBks/ZAsaa1YOBks_144.png,4
30,Image_Data/ZAsaa1YOBks/ZAsaa1YOBks_135.png,2
31,Image_Data/ZAsaa1YOBks/ZAsaa1YOBks_128.png,2
32,Image_Data/ZAsaa1YOBks/ZAsaa1YOBks_92.png,2
33,Image_Data/ZAsaa1YOBks/ZAsaa1YOBks_199.png,2
34,Image_Data/ZAsaa1YOBks/ZAsaa1YOBks_100.png,1
35,Image_Data/ZAsaa1YOBks/ZAsaa1YOBks_107.png,2
36,Image_Data/ZAsaa1YOBks/ZAsaa1YOBks_40.png,2
37,Image_Data/ZAsaa1YOBks/ZAsaa1YOBks_35.png,2
38,Image_Data/ZAsaa1YOBks/ZAsaa1YOBks_165.png,2
39,Image_Data/ZAsaa1YOBks/ZAsaa1YOBks_120.png,2
40,Image_Data/ZAsaa1YOBks/ZAsaa1YOBks_171.png,2
41,Image_Data/ZAsaa1YOBks/ZAsaa1YOBks_163.png,1
42,Image_Data/ZAsaa1YOBks/ZAsaa1YOBks_48.png,2
43,Image_Data/ZAsaa1YOBks/ZAsaa1YOBks_39.png,2
44,Image_Data/ZAsaa1YOBks/ZAsaa1YOBks_184.png,2
45,Image_Data/ZAsaa1YOBks/ZAsaa1YOBks_133.png,1
46,Image_Data/ZAsaa1YOBks/ZAsaa1YOBks_79.png,2
47,Image_Data/ZAsaa1YOBks/ZAsaa1YOBks_132.png,2
48,Image_Data/ZAsaa1YOBks/ZAsaa1YOBks_185.png,2
49,Image_Data/ZAsaa1YOBks/ZAsaa1YOBks_22.png,1
50,Image_Data/ZAsaa1YOBks/ZAsaa1YOBks_56.png,2
51,Image_Data/ZAsaa1YOBks/ZAsaa1YOBks_81.png,3
52,Image_Data/ZAsaa1YOBks/ZAsaa1YOBks_200.png,2
53,Image_Data/ZAsaa1YOBks/ZAsaa1YOBks_20.png,2
54,Image_Data/ZAsaa1YOBks/ZAsaa1YOBks_46.png,2
55,Image_Data/ZAsaa1YOBks/ZAsaa1YOBks_176.png,2
56,Image_Data/ZAsaa1YOBks/ZAsaa1YOBks_32.png,3
57,Image_Data/ZAsaa1YOBks/ZAsaa1YOBks_106.png,2
58,Image_Data/ZAsaa1YOBks/ZAsaa1YOBks_137.png,2
59,Image_Data/ZAsaa1YOBks/ZAsaa1YOBks_178.png,2
60,Image_Data/ZAsaa1YOBks/ZAsaa1YOBks_58.png,2
61,Image_Data/ZAsaa1YOBks/ZAsaa1YOBks_187.png,3
62,Image_Data/ZAsaa1YOBks/ZAsaa1YOBks_2.png,3
63,Image_Data/ZAsaa1YOBks/ZAsaa1YOBks_183.png,4
64,Image_Data/ZAsaa1YOBks/ZAsaa1YOBks_167.png,2
65,Image_Data/ZAsaa1YOBks/ZAsaa1YOBks_156.png,2
66,Image_Data/ZAsaa1YOBks/ZAsaa1YOBks_198.png,2
67,Image_Data/ZAsaa1YOBks/ZAsaa1YOBks_97.png,3
68,Image_Data/ZAsaa1YOBks/ZAsaa1YOBks_10.png,3
69,Image_Data/ZAsaa1YOBks/ZAsaa1YOBks_192.png,2
70,Image_Data/ZAsaa1YOBks/ZAsaa1YOBks_115.png,1
71,Image_Data/ZAsaa1YOBks/ZAsaa1YOBks_43.png,3
72,Image_Data/ZAsaa1YOBks/ZAsaa1YOBks_181.png,3
73,Image_Data/ZAsaa1YOBks/ZAsaa1YOBks_14.png,2
74,Image_Data/ZAsaa1YOBks/ZAsaa1YOBks_98.png,2
75,Image_Data/ZAsaa1YOBks/ZAsaa1YOBks_158.png,1
76,Image_Data/ZAsaa1YOBks/ZAsaa1YOBks_131.png,2
77,Image_Data/ZAsaa1YOBks/ZAsaa1YOBks_193.png,2
78,Image_Data/ZAsaa1YOBks/ZAsaa1YOBks_180.png,2
79,Image_Data/ZAsaa1YOBks/ZAsaa1YOBks_36.png,2
80,Image_Data/ZAsaa1YOBks/ZAsaa1YOBks_19.png,2
81,Image_Data/ZAsaa1YOBks/ZAsaa1YOBks_15.png,2
82,Image_Data/ZAsaa1YOBks/ZAsaa1YOBks_103.png,2
83,Image_Data/ZAsaa1YOBks/ZAsaa1YOBks_175.png,2
84,Image_Data/ZAsaa1YOBks/ZAsaa1YOBks_33.png,3
85,Image_Data/ZAsaa1YOBks/ZAsaa1YOBks_61.png,1
86,Image_Data/ZAsaa1YOBks/ZAsaa1YOBks_126.png,2
87,Image_Data/ZAsaa1YOBks/ZAsaa1YOBks_59.png,2
88,Image_Data/ZAsaa1YOBks/ZAsaa1YOBks_143.png,1
89,Image_Data/ZAsaa1YOBks/ZAsaa1YOBks_85.png,2
90,Image_Data/ZAsaa1YOBks/ZAsaa1YOBks_104.png,2
91,Image_Data/ZAsaa1YOBks/ZAsaa1YOBks_188.png,2
92,Image_Data/ZAsaa1YOBks/ZAsaa1YOBks_134.png,2
93,Image_Data/ZAsaa1YOBks/ZAsaa1YOBks_80.png,2
94,Image_Data/ZAsaa1YOBks/ZAsaa1YOBks_12.png,3
95,Image_Data/ZAsaa1YOBks/ZAsaa1YOBks_25.png,3
96,Image_Data/ZAsaa1YOBks/ZAsaa1YOBks_63.png,4
97,Image_Data/ZAsaa1YOBks/ZAsaa1YOBks_45.png,4
98,Image_Data/ZAsaa1YOBks/ZAsaa1YOBks_111.png,2
99,Image_Data/ZAsaa1YOBks/ZAsaa1YOBks_114.png,2
100,Image_Data/ZAsaa1YOBks/ZAsaa1YOBks_67.png,2
101,Image_Data/ZAsaa1YOBks/ZAsaa1YOBks_145.png,2
102,Image_Data/ZAsaa1YOBks/ZAsaa1YOBks_130.png,2
103,Image_Data/ZAsaa1YOBks/ZAsaa1YOBks_66.png,1
104,Image_Data/ZAsaa1YOBks/ZAsaa1YOBks_65.png,2
105,Image_Data/ZAsaa1YOBks/ZAsaa1YOBks_197.png,2
106,Image_Data/ZAsaa1YOBks/ZAsaa1YOBks_166.png,1
107,Image_Data/ZAsaa1YOBks/ZAsaa1YOBks_139.png,2
108,Image_Data/ZAsaa1YOBks/ZAsaa1YOBks_152.png,2
109,Image_Data/ZAsaa1YOBks/ZAsaa1YOBks_170.png,2
110,Image_Data/ZAsaa1YOBks/ZAsaa1YOBks_75.png,2
111,Image_Data/ZAsaa1YOBks/ZAsaa1YOBks_4.png,3
112,Image_Data/ZAsaa1YOBks/ZAsaa1YOBks_16.png,1
113,Image_Data/ZAsaa1YOBks/ZAsaa1YOBks_55.png,2
114,Image_Data/ZAsaa1YOBks/ZAsaa1YOBks_195.png,2
115,Image_Data/ZAsaa1YOBks/ZAsaa1YOBks_118.png,3
116,Image_Data/ZAsaa1YOBks/ZAsaa1YOBks_154.png,2
117,Image_Data/ZAsaa1YOBks/ZAsaa1YOBks_82.png,2
118,Image_Data/ZAsaa1YOBks/ZAsaa1YOBks_129.png,2
119,Image_Data/ZAsaa1YOBks/ZAsaa1YOBks_41.png,2
120,Image_Data/ZAsaa1YOBks/ZAsaa1YOBks_164.png,2
121,Image_Data/ZAsaa1YOBks/ZAsaa1YOBks_72.png,2
122,Image_Data/ZAsaa1YOBks/ZAsaa1YOBks_5.png,2
123,Image_Data/ZAsaa1YOBks/ZAsaa1YOBks_0.png,3
124,Image_Data/ZAsaa1YOBks/ZAsaa1YOBks_74.png,3
125,Image_Data/ZAsaa1YOBks/ZAsaa1YOBks_18.png,3
126,Image_Data/ZAsaa1YOBks/ZAsaa1YOBks_3.png,2
127,Image_Data/ZAsaa1YOBks/ZAsaa1YOBks_136.png,2
128,Image_Data/ZAsaa1YOBks/ZAsaa1YOBks_179.png,1
129,Image_Data/ZAsaa1YOBks/ZAsaa1YOBks_127.png,3
130,Image_Data/ZAsaa1YOBks/ZAsaa1YOBks_142.png,2
131,Image_Data/ZAsaa1YOBks/ZAsaa1YOBks_11.png,2
132,Image_Data/ZAsaa1YOBks/ZAsaa1YOBks_27.png,4
133,Image_Data/ZAsaa1YOBks/ZAsaa1YOBks_54.png,4
134,Image_Data/ZAsaa1YOBks/ZAsaa1YOBks_52.png,1
135,Image_Data/ZAsaa1YOBks/ZAsaa1YOBks_189.png,2
136,Image_Data/ZAsaa1YOBks/ZAsaa1YOBks_172.png,2
137,Image_Data/ZAsaa1YOBks/ZAsaa1YOBks_177.png,2
138,Image_Data/ZAsaa1YOBks/ZAsaa1YOBks_26.png,2
139,Image_Data/ZAsaa1YOBks/ZAsaa1YOBks_71.png,4
140,Image_Data/ZAsaa1YOBks/ZAsaa1YOBks_86.png,2
141,Image_Data/ZAsaa1YOBks/ZAsaa1YOBks_123.png,2
142,Image_Data/ZAsaa1YOBks/ZAsaa1YOBks_83.png,2
143,Image_Data/ZAsaa1YOBks/ZAsaa1YOBks_42.png,2
144,Image_Data/ZAsaa1YOBks/ZAsaa1YOBks_70.png,2
145,Image_Data/ZAsaa1YOBks/ZAsaa1YOBks_91.png,2
146,Image_Data/ZAsaa1YOBks/ZAsaa1YOBks_64.png,2
147,Image_Data/ZAsaa1YOBks/ZAsaa1YOBks_196.png,2
148,Image_Data/ZAsaa1YOBks/ZAsaa1YOBks_155.png,1
149,Image_Data/ZAsaa1YOBks/ZAsaa1YOBks_23.png,2
150,Image_Data/ZAsaa1YOBks/ZAsaa1YOBks_9.png,4
151,Image_Data/ZAsaa1YOBks/ZAsaa1YOBks_24.png,3
152,Image_Data/ZAsaa1YOBks/ZAsaa1YOBks_191.png,2
153,Image_Data/ZAsaa1YOBks/ZAsaa1YOBks_30.png,1
154,Image_Data/ZAsaa1YOBks/ZAsaa1YOBks_150.png,2
155,Image_Data/ZAsaa1YOBks/ZAsaa1YOBks_186.png,4
156,Image_Data/ZAsaa1YOBks/ZAsaa1YOBks_73.png,2
157,Image_Data/ZAsaa1YOBks/ZAsaa1YOBks_194.png,2
158,Image_Data/ZAsaa1YOBks/ZAsaa1YOBks_37.png,3
159,Image_Data/ZAsaa1YOBks/ZAsaa1YOBks_160.png,0
160,Image_Data/ZAsaa1YOBks/ZAsaa1YOBks_13.png,2
161,Image_Data/ZAsaa1YOBks/ZAsaa1YOBks_78.png,2
162,Image_Data/ZAsaa1YOBks/ZAsaa1YOBks_62.png,1
163,Image_Data/ZAsaa1YOBks/ZAsaa1YOBks_147.png,2
164,Image_Data/ZAsaa1YOBks/ZAsaa1YOBks_148.png,2
165,Image_Data/ZAsaa1YOBks/ZAsaa1YOBks_102.png,2
166,Image_Data/ZAsaa1YOBks/ZAsaa1YOBks_47.png,2
167,Image_Data/ZAsaa1YOBks/ZAsaa1YOBks_95.png,2
168,Image_Data/ZAsaa1YOBks/ZAsaa1YOBks_44.png,2
169,Image_Data/ZAsaa1YOBks/ZAsaa1YOBks_96.png,2
170,Image_Data/ZAsaa1YOBks/ZAsaa1YOBks_113.png,2
171,Image_Data/ZAsaa1YOBks/ZAsaa1YOBks_119.png,2
172,Image_Data/ZAsaa1YOBks/ZAsaa1YOBks_109.png,1
173,Image_Data/ZAsaa1YOBks/ZAsaa1YOBks_60.png,1
174,Image_Data/ZAsaa1YOBks/ZAsaa1YOBks_21.png,3
175,Image_Data/ZAsaa1YOBks/ZAsaa1YOBks_68.png,2
176,Image_Data/ZAsaa1YOBks/ZAsaa1YOBks_182.png,3
177,Image_Data/ZAsaa1YOBks/ZAsaa1YOBks_93.png,2
178,Image_Data/ZAsaa1YOBks/ZAsaa1YOBks_87.png,2
179,Image_Data/ZAsaa1YOBks/ZAsaa1YOBks_201.png,2
180,Image_Data/ZAsaa1YOBks/ZAsaa1YOBks_57.png,4
181,Image_Data/ZAsaa1YOBks/ZAsaa1YOBks_125.png,2
182,Image_Data/ZAsaa1YOBks/ZAsaa1YOBks_101.png,2
183,Image_Data/ZAsaa1YOBks/ZAsaa1YOBks_153.png,2
184,Image_Data/ZAsaa1YOBks/ZAsaa1YOBks_169.png,2
185,Image_Data/ZAsaa1YOBks/ZAsaa1YOBks_116.png,4
186,Image_Data/ZAsaa1YOBks/ZAsaa1YOBks_88.png,4
187,Image_Data/ZAsaa1YOBks/ZAsaa1YOBks_31.png,2
188,Image_Data/ZAsaa1YOBks/ZAsaa1YOBks_108.png,2
189,Image_Data/ZAsaa1YOBks/ZAsaa1YOBks_84.png,1
190,Image_Data/ZAsaa1YOBks/ZAsaa1YOBks_53.png,2
191,Image_Data/ZAsaa1YOBks/ZAsaa1YOBks_90.png,2
192,Image_Data/ZAsaa1YOBks/ZAsaa1YOBks_138.png,3
193,Image_Data/ZAsaa1YOBks/ZAsaa1YOBks_110.png,4
194,Image_Data/ZAsaa1YOBks/ZAsaa1YOBks_76.png,3
195,Image_Data/ZAsaa1YOBks/ZAsaa1YOBks_49.png,1
196,Image_Data/ZAsaa1YOBks/ZAsaa1YOBks_173.png,2
197,Image_Data/ZAsaa1YOBks/ZAsaa1YOBks_77.png,1
198,Image_Data/ZAsaa1YOBks/ZAsaa1YOBks_168.png,2
199,Image_Data/ZAsaa1YOBks/ZAsaa1YOBks_38.png,3
200,Image_Data/ZAsaa1YOBks/ZAsaa1YOBks_89.png,2
201,Image_Data/ZAsaa1YOBks/ZAsaa1YOBks_50.png,2
202,Image_Data/a3YWJsrzlaA/a3YWJsrzlaA_5.png,3
203,Image_Data/a3YWJsrzlaA/a3YWJsrzlaA_3.png,2
204,Image_Data/a3YWJsrzlaA/a3YWJsrzlaA_4.png,3
205,Image_Data/a3YWJsrzlaA/a3YWJsrzlaA_1.png,3
206,Image_Data/a3YWJsrzlaA/a3YWJsrzlaA_2.png,3
207,Image_Data/a3YWJsrzlaA/a3YWJsrzlaA_0.png,2
